{"cameraMode":{"drawMode":0,"name":"Shaded","section":"Shading Mode"},"sceneLighting":false,"audioPlay":false,"sceneViewState":{"showFog":false,"showMaterialUpdate":false,"showSkybox":false,"showFlares":false,"showImageEffects":false,"showParticleSystems":false},"in2DMode":false,"pivot":{"x":-0.1628265380859375,"y":0.02883434295654297,"z":-0.22220802307128907},"rotation":{"x":0.18856558203697205,"y":-0.4625813961029053,"z":0.10128424316644669,"w":0.8604579567909241},"size":1.7919033765792847,"orthographic":false}