{"cameraMode":{"drawMode":0,"name":"Shaded","section":"Shading Mode"},"sceneLighting":true,"audioPlay":false,"sceneViewState":{"showFog":false,"showMaterialUpdate":false,"showSkybox":false,"showFlares":false,"showImageEffects":false,"showParticleSystems":false},"in2DMode":false,"pivot":{"x":8.946295738220215,"y":-1.6149163246154786,"z":2.247170925140381},"rotation":{"x":0.14931607246398927,"y":0.44247302412986758,"z":-0.07464255392551422,"w":0.8812574148178101},"size":2.3178696632385256,"orthographic":false}