{"cameraMode":{"drawMode":0,"name":"Shaded","section":"Shading Mode"},"sceneLighting":true,"audioPlay":false,"sceneViewState":{"showFog":false,"showMaterialUpdate":false,"showSkybox":false,"showFlares":false,"showImageEffects":false,"showParticleSystems":false},"in2DMode":false,"pivot":{"x":1.0299999713897706,"y":3.1500000953674318,"z":3.625},"rotation":{"x":-0.1627275049686432,"y":0.1217084676027298,"z":-0.02005542255938053,"w":-0.9789851903915405},"size":2.671696186065674,"orthographic":false}