{"cameraMode":{"drawMode":0,"name":"Shaded","section":"Shading Mode"},"sceneLighting":true,"audioPlay":false,"sceneViewState":{"showFog":false,"showMaterialUpdate":false,"showSkybox":false,"showFlares":false,"showImageEffects":false,"showParticleSystems":false},"in2DMode":false,"pivot":{"x":5.082638740539551,"y":-4.034037113189697,"z":1.3495383262634278},"rotation":{"x":0.4087163805961609,"y":0.4002941846847534,"z":-0.2057296335697174,"w":0.7941393852233887},"size":5.87613582611084,"orthographic":false}